date,week,month,quarter,year,email_spend,sms_spend,social_spend,search_spend,total_spend,revenue,conversions,base_revenue
2023-01-02,1,January 2023,1,2023,8745.07,3870.97,13287.62,17476.25,43379.91,82520.5,34,37502.52
2023-01-09,2,January 2023,1,2023,7792.6,4323.24,21631.83,17440.53,51188.2,92007.84,46,40083.1
2023-01-16,3,January 2023,1,2023,8971.53,5508.95,13427.23,18916.44,46824.14,103046.72,47,42605.98
2023-01-23,4,January 2023,1,2023,10284.54,4139.66,14838.91,15063.01,44326.13,103623.37,53,44948.0
2023-01-30,5,January 2023,1,2023,7648.77,4206.04,14385.0,17045.86,43285.67,114455.95,53,47005.4
2023-02-06,6,February 2023,1,2023,7648.79,3940.44,13628.48,14069.2,39286.92,114523.59,49,48699.43
2023-02-13,7,February 2023,1,2023,10368.82,2464.98,11211.83,15972.5,40018.13,112282.87,49,49980.25
2023-02-20,8,February 2023,1,2023,9151.15,3978.79,13897.42,14609.57,41636.93,117874.13,59,50829.19
2023-02-27,9,February 2023,1,2023,7295.79,4048.18,10067.94,15290.99,36702.9,116209.81,60,51258.99
2023-03-06,10,March 2023,1,2023,8813.84,5970.59,11407.95,16785.47,42977.86,120926.95,56,51312.15
2023-03-13,11,March 2023,1,2023,7304.87,3846.11,10786.59,12545.34,34482.91,107978.43,57,51057.5
2023-03-20,12,March 2023,1,2023,7301.41,4241.24,12204.69,21277.16,45024.49,118323.63,51,50585.11
2023-03-27,13,March 2023,1,2023,8362.94,3972.23,17786.65,11981.95,42103.77,114324.51,57,50000.0
2023-04-03,14,April 2023,2,2023,5130.08,3065.06,7331.84,11357.43,26884.41,97588.16,44,49414.89
2023-04-10,15,April 2023,2,2023,5412.62,4914.26,13715.65,18474.33,42516.86,105737.61,50,48942.5
2023-04-17,16,April 2023,2,2023,7156.57,4601.55,7968.21,17374.99,37101.31,101996.47,51,48687.85
2023-04-24,17,April 2023,2,2023,6480.75,4632.83,10820.17,16872.36,38806.11,107202.28,50,48741.01
2023-05-01,18,May 2023,2,2023,8471.37,3272.49,14722.38,16885.04,43351.27,113584.4,55,49170.81
2023-05-08,19,May 2023,2,2023,6637.96,5122.24,12160.7,14963.26,38884.16,116032.83,63,50019.75
2023-05-15,20,May 2023,2,2023,5881.54,2878.52,9305.64,12308.24,30373.94,108579.58,52,51300.57
2023-05-22,21,May 2023,2,2023,10198.47,4469.49,10211.74,15227.41,40107.11,122824.83,66,52994.6
2023-05-29,22,May 2023,2,2023,7661.34,5752.36,13698.99,12968.51,40081.21,117528.32,55,55052.0
2023-06-05,23,June 2023,2,2023,8101.29,3207.57,10174.08,17925.36,39408.31,124424.73,67,57394.02
2023-06-12,24,June 2023,2,2023,5862.88,3546.96,12541.15,14558.83,36509.81,131082.05,76,59916.9
2023-06-19,25,June 2023,2,2023,7183.43,4079.72,12113.93,12523.51,35900.59,136364.89,58,62497.48
2023-06-26,26,June 2023,2,2023,8166.38,3597.22,10371.0,14035.84,36170.44,142218.61,71,65000.0
2023-07-03,27,July 2023,3,2023,6273.51,2759.47,17359.86,16238.79,42631.63,144451.17,81,67283.79
2023-07-10,28,July 2023,3,2023,8563.55,4054.85,13584.8,13308.83,39512.02,153907.83,82,69211.36
2023-07-17,29,July 2023,3,2023,7099.04,3150.16,6937.14,12533.34,29719.68,146803.62,82,70656.47
2023-07-24,30,July 2023,3,2023,7562.46,4378.87,12466.14,15731.06,40138.53,161049.83,84,71511.68
2023-07-31,31,July 2023,3,2023,7097.44,3264.46,10345.53,15734.9,36442.33,159159.11,87,71694.92
2023-08-07,32,August 2023,3,2023,10778.42,5239.95,14131.08,13479.17,43628.62,157134.23,84,71154.75
2023-08-14,33,August 2023,3,2023,7979.75,3373.4,10018.7,13586.89,34958.73,151915.22,89,69873.93
2023-08-21,34,August 2023,3,2023,6413.43,3742.35,11713.16,15696.15,37565.09,146876.67,80,67871.13
2023-08-28,35,August 2023,3,2023,9233.82,4650.81,13262.47,10655.75,37802.85,140804.9,77,65200.69
2023-09-04,36,September 2023,3,2023,6168.73,3015.31,14164.39,10777.61,34126.04,134137.61,68,61950.3
2023-09-11,37,September 2023,3,2023,8313.3,4181.97,8999.26,12844.67,34339.19,123155.66,61,58236.97
2023-09-18,38,September 2023,3,2023,5060.49,5045.71,11163.75,14359.66,35629.61,118760.81,58,54201.21
2023-09-25,39,September 2023,3,2023,6007.72,2714.01,10812.64,15932.72,35467.09,106995.59,55,50000.0
2023-10-02,40,October 2023,4,2023,8295.29,4147.71,10366.68,19426.07,42235.74,101369.7,48,45798.79
2023-10-09,41,October 2023,4,2023,9107.7,4207.91,16413.64,17572.98,47302.22,96221.83,48,41763.03
2023-10-16,42,October 2023,4,2023,8257.05,4625.46,13012.45,14520.18,40415.15,82866.43,46,38049.7
2023-10-23,43,October 2023,4,2023,7826.53,3010.44,8847.79,14942.95,34627.71,75118.88,38,34799.31
2023-10-30,44,October 2023,4,2023,7548.34,2943.63,14294.65,11992.41,36779.05,65889.56,30,32128.87
2023-11-06,45,November 2023,4,2023,5782.22,4417.55,17305.39,14944.46,42449.62,73082.07,37,30126.07
2023-11-13,46,November 2023,4,2023,6920.23,4237.59,14581.16,14134.02,39873.01,64398.73,28,28845.25
2023-11-20,47,November 2023,4,2023,7309.04,4200.39,8201.58,15968.16,35679.17,60858.27,23,28305.08
2023-11-27,48,November 2023,4,2023,9585.68,4277.16,10789.41,12518.31,37170.56,63011.65,26,28488.32
2023-12-04,49,December 2023,4,2023,8515.43,3455.98,15167.28,16558.04,43696.73,66434.65,26,29343.53
2023-12-11,50,December 2023,4,2023,5355.44,4185.8,10230.83,19598.22,39370.29,68860.84,31,30788.64
2023-12-18,51,December 2023,4,2023,8486.13,4234.46,13109.55,14673.72,40503.85,75135.17,35,32716.21
2023-12-25,52,December 2023,4,2023,7422.38,3428.52,13936.59,16205.14,40992.62,81196.83,44,35000.0
2024-01-01,53,January 2024,1,2024,6984.62,5492.62,9682.67,17070.43,39230.34,82838.87,40,37502.52
2024-01-08,54,January 2024,1,2024,8917.51,4379.07,11851.19,13796.34,38944.11,87307.18,41,40083.1
2024-01-15,55,January 2024,1,2024,9546.5,3046.96,3896.83,15672.28,32162.57,91490.19,47,42605.98
2024-01-22,56,January 2024,1,2024,9396.92,4525.24,9439.03,15037.78,38398.97,91662.96,37,44948.0
2024-01-29,57,January 2024,1,2024,6741.17,3220.25,11368.58,15293.03,36623.04,98195.46,49,47005.4
2024-02-05,58,February 2024,1,2024,7536.18,4629.67,8880.54,12680.97,33727.36,108198.08,57,48699.43
2024-02-12,59,February 2024,1,2024,8496.9,4926.88,16081.03,15073.53,44578.33,117523.12,52,49980.25
2024-02-19,60,February 2024,1,2024,9463.32,3343.45,8424.65,16493.99,37725.41,113365.72,62,50829.19
2024-02-26,61,February 2024,1,2024,7281.24,4770.7,10899.89,19353.43,42305.26,118453.68,61,51258.99
2024-03-04,62,March 2024,1,2024,7721.51,4330.22,12326.85,17877.81,42256.4,117599.36,57,51312.15
2024-03-11,63,March 2024,1,2024,6340.5,4657.65,15603.18,21459.55,48060.88,127784.06,67,51057.5
2024-03-18,64,March 2024,1,2024,6205.69,5517.43,8410.34,12697.96,32831.43,112785.4,67,50585.11
2024-03-25,65,March 2024,1,2024,9218.79,3803.69,14907.91,17616.96,45547.35,114176.16,58,50000.0
2024-04-01,66,April 2024,2,2024,10034.36,3397.01,12025.58,15550.03,41006.98,109313.14,56,49414.89
2024-04-08,67,April 2024,2,2024,7891.98,3288.39,9546.23,21569.41,42296.01,107714.4,52,48942.5
2024-04-15,68,April 2024,2,2024,9505.3,3347.35,13155.26,12575.11,38583.01,108238.16,50,48687.85
2024-04-22,69,April 2024,2,2024,8542.45,3938.32,12497.65,12480.83,37459.26,104675.88,56,48741.01
2024-04-29,70,April 2024,2,2024,7032.32,4272.92,10499.46,13201.82,35006.52,102785.05,48,49170.81
2024-05-06,71,May 2024,2,2024,8542.09,4221.35,12174.51,8628.31,33566.26,102167.28,51,50019.75
2024-05-13,72,May 2024,2,2024,10307.05,4661.75,11036.72,13422.73,39428.25,110219.8,53,51300.57
2024-05-20,73,May 2024,2,2024,7946.26,4010.4,12283.79,12722.6,36963.06,121178.61,64,52994.6
2024-05-27,74,May 2024,2,2024,10346.97,5162.83,13655.33,15451.18,44616.3,128312.86,67,55052.0
2024-06-03,75,June 2024,2,2024,4070.38,3788.27,15965.04,16025.27,39848.97,127938.3,71,57394.02
2024-06-10,76,June 2024,2,2024,9232.85,6176.14,8905.46,20628.51,44942.96,143545.67,72,59916.9
2024-06-17,77,June 2024,2,2024,8130.57,4500.53,17332.58,17851.27,47814.96,145571.05,75,62497.48
2024-06-24,78,June 2024,2,2024,7551.49,3314.27,7119.78,13269.29,31254.83,138925.71,68,65000.0
2024-07-01,79,July 2024,3,2024,8137.64,3143.29,11620.54,12304.76,35206.22,149485.63,77,67283.79
2024-07-08,80,July 2024,3,2024,5018.65,4385.98,13470.79,16475.76,39351.18,154657.01,86,69211.36
2024-07-15,81,July 2024,3,2024,7670.49,3821.23,12702.48,11039.3,35233.5,148302.32,85,70656.47
2024-07-22,82,July 2024,3,2024,8535.67,4571.2,10443.25,20494.38,44044.5,163962.62,83,71511.68
2024-07-29,83,July 2024,3,2024,10216.84,4378.59,11479.69,18538.32,44613.45,163010.13,94,71694.92
2024-08-05,84,August 2024,3,2024,7222.59,3941.74,10767.5,13592.47,35524.3,152340.45,91,71154.75
2024-08-12,85,August 2024,3,2024,6787.26,3322.57,10526.59,9860.6,30497.01,147659.82,82,69873.93
2024-08-19,86,August 2024,3,2024,7247.36,2788.12,14124.01,19061.62,43221.11,159108.96,97,67871.13
2024-08-26,87,August 2024,3,2024,9373.1,3642.79,12892.54,14656.38,40564.81,142377.21,71,65200.69
2024-09-02,88,September 2024,3,2024,8493.13,4685.12,10267.73,18713.45,42159.42,143690.04,68,61950.3
2024-09-09,89,September 2024,3,2024,7205.36,4171.27,14249.0,10216.72,35842.35,123078.1,55,58236.97
2024-09-16,90,September 2024,3,2024,8769.9,3003.41,12768.25,13201.87,37743.43,117698.02,67,54201.21
2024-09-23,91,September 2024,3,2024,8145.62,4138.54,14032.16,15015.73,41332.05,110833.91,58,50000.0
2024-09-30,92,September 2024,3,2024,9452.97,4308.25,13574.07,15140.94,42476.24,101612.28,50,45798.79
2024-10-07,93,October 2024,4,2024,6946.92,3292.91,9927.51,13649.8,33817.15,91566.7,45,41763.03
2024-10-14,94,October 2024,4,2024,7508.51,4122.98,10599.55,16868.55,39099.58,82635.81,36,38049.7
2024-10-21,95,October 2024,4,2024,7411.84,4046.57,13868.23,11797.14,37123.78,76326.52,43,34799.31
2024-10-28,96,October 2024,4,2024,5804.73,3085.62,13525.93,14572.86,36989.14,70123.45,33,32128.87
2024-11-04,97,November 2024,4,2024,8444.18,4286.23,11947.75,15360.89,40039.04,66818.72,31,30126.07
2024-11-11,98,November 2024,4,2024,8391.58,4448.63,12293.32,16543.32,41676.85,62787.09,31,28845.25
2024-11-18,99,November 2024,4,2024,8007.67,4866.44,15194.16,17134.84,45203.12,63409.04,30,28305.08
2024-11-25,100,November 2024,4,2024,7648.12,4843.04,10521.07,11626.07,34638.31,64268.89,30,28488.32
2024-12-02,101,December 2024,4,2024,5876.94,2897.86,13367.74,10397.66,32540.21,62950.45,27,29343.53
2024-12-09,102,December 2024,4,2024,7369.03,3249.74,11494.52,18833.03,40946.32,66510.3,32,30788.64
2024-12-16,103,December 2024,4,2024,7485.93,4412.03,11455.8,15996.94,39350.7,73600.44,40,32716.21
2024-12-23,104,December 2024,4,2024,6796.58,4411.03,14746.94,12754.54,38709.1,79033.48,41,35000.0
